<?xml version="1.0" encoding="utf-8"?>
<extension
	type="module"
	version="3.1"
	client="administrator">
	<name>mod_logged</name>
	<author>Joomla! Project</author>
	<creationDate>January 2005</creationDate>
	<copyright>Copyright (C) 2005 - 2014 Open Source Matters. All rights reserved.</copyright>
	<license>GNU General Public License version 2 or later; see LICENSE.txt</license>
	<authorEmail>admin@joomla.org</authorEmail>
	<authorUrl>www.joomla.org</authorUrl>
	<version>3.0.0</version>
	<description>MOD_LOGGED_XML_DESCRIPTION</description>
	<files>
		<filename module="mod_logged">mod_logged.php</filename>
		<filename>index.html</filename>
		<folder>tmpl</folder>
	</files>
	<languages>
		<language tag="en-GB">en-GB.mod_logged.ini</language>
		<language tag="en-GB">en-GB.mod_logged.sys.ini</language>
	</languages>
	<help key="JHELP_EXTENSIONS_MODULE_MANAGER_ADMIN_LOGGED" />
	<config>
		<fields name="params">
			<fieldset name="basic">
				<field
					name="count"
					type="text"
					default="5"
					label="MOD_LOGGED_FIELD_COUNT_LABEL"
					description="MOD_LOGGED_FIELD_COUNT_DESC" />

				<field
					name="name"
					type="list"
					default="1"
					label="MOD_LOGGED_NAME"
					description="MOD_LOGGED_FIELD_NAME_DESC" >
					<option
						value="1">MOD_LOGGED_NAME</option>
					<option
						value="0">JGLOBAL_USERNAME</option>
				</field>
			</fieldset>
			<fieldset name="advanced">
				<field
					name="layout"
					type="modulelayout"
					label="JFIELD_ALT_LAYOUT_LABEL"
					description="JFIELD_ALT_MODULE_LAYOUT_DESC" />

				<field
					name="moduleclass_sfx"
					type="textarea" rows="3"
					label="COM_MODULES_FIELD_MODULECLASS_SFX_LABEL"
					description="COM_MODULES_FIELD_MODULECLASS_SFX_DESC" />

				<field
					name="cache"
					type="list"
					default="0"
					label="COM_MODULES_FIELD_CACHING_LABEL"
					description="COM_MODULES_FIELD_CACHING_DESC">
					<option
						value="0">COM_MODULES_FIELD_VALUE_NOCACHING</option>
				</field>
				<field
					name="automatic_title"
					type="radio"
					class="btn-group btn-group-yesno"
					default="0"
					label="COM_MODULES_FIELD_AUTOMATIC_TITLE_LABEL"
					description="COM_MODULES_FIELD_AUTOMATIC_TITLE_DESC">
					<option value="1">JYES</option>
					<option value="0">JNO</option>
				</field>
			</fieldset>
		</fields>
	</config>
</extension>

