<?xml version="1.0" encoding="utf-8"?>
<extension
	type="module"
	version="3.1"
	client="administrator">
	<name>mod_version</name>
	<author>Joomla! Project</author>
	<creationDate>January 2012</creationDate>
	<copyright>Copyright (C) 2005 - 2014 Open Source Matters. All rights reserved.</copyright>
	<license>GNU General Public License version 2 or later; see LICENSE.txt</license>
	<authorEmail>admin@joomla.org</authorEmail>
	<authorUrl>www.joomla.org</authorUrl>
	<version>3.0.0</version>
	<description>MOD_VERSION_XML_DESCRIPTION</description>
	<files>
		<filename module="mod_version">mod_version.php</filename>
		<filename>helper.php</filename>
		<filename>index.html</filename>
		<folder>tmpl</folder>
		<folder>language</folder>
	</files>
	<languages>
		<language tag="en-GB">language/en-GB/en-GB.mod_version.ini</language>
		<language tag="en-GB">language/en-GB/en-GB.mod_version.sys.ini</language>
	</languages>
	<help key="JHELP_EXTENSIONS_MODULE_MANAGER_ADMIN_VERSION" />
	<config>
		<fields name="params">
			<fieldset name="basic">
				<field
					name="format"
					type="list"
					default="short"
					label="MOD_VERSION_FORMAT_LABEL"
					description="MOD_VERSION_FORMAT_DESC">
					<option
						value="short">MOD_VERSION_FORMAT_SHORT</option>
					<option
						value="long">MOD_VERSION_FORMAT_LONG</option>
				</field>
				<field
					name="product"
					type="list"
					default="1"
					label="MOD_VERSION_PRODUCT_LABEL"
					description="MOD_VERSION_PRODUCT_DESC">
					<option
						value="1">JYES</option>
					<option
						value="0">JNO</option>
				</field>
			</fieldset>
			<fieldset name="advanced">
				<field
					name="layout"
					type="modulelayout"
					label="JFIELD_ALT_LAYOUT_LABEL"
					description="JFIELD_ALT_MODULE_LAYOUT_DESC" />

				<field
					name="moduleclass_sfx"
					type="textarea" rows="3"
					label="COM_MODULES_FIELD_MODULECLASS_SFX_LABEL"
					description="COM_MODULES_FIELD_MODULECLASS_SFX_DESC" />

				<field
					name="cache"
					type="list"
					default="0"
					label="COM_MODULES_FIELD_CACHING_LABEL"
					description="COM_MODULES_FIELD_CACHING_DESC">
					<option
						value="0">COM_MODULES_FIELD_VALUE_NOCACHING</option>
				</field>
			</fieldset>
		</fields>
	</config>
</extension>
